# Name,   Type, SubType, Offset,  Size, Flags
# Basiert auf dem Board-Default (default.csv aus dem arduino-esp32-Framework),
# mit einer zusaetzlichen dedizierten "uptime"-NVS-Partition (12KB, 3 Sektoren
# -- esp-idf-Empfehlung fuer sicheren Seitenwechsel bei Kompaktierung), aus
# dem sonst komplett ungenutzten "spiffs"-Bereich herausgeschnitten (dieses
# Projekt nutzt weder OTA/app1 noch ein Dateisystem/spiffs). app0/app1/
# otadata/coredump bleiben unveraendert.
nvs,      data, nvs,     0x9000,  0x5000,
otadata,  data, ota,     0xe000,  0x2000,
app0,     app,  ota_0,   0x10000, 0x140000,
app1,     app,  ota_1,   0x150000,0x140000,
uptime,   data, nvs,     0x290000,0x3000,
spiffs,   data, spiffs,  0x293000,0x15D000,
coredump, data, coredump,0x3F0000,0x10000,
